Cust_ID,FirstName,LastName,email,Gender,Age,CountryRes
C_0001,Deck,Scurr,dscurrrq@disqus.com,Male,27,United States
C_0002,Luz,Waine,lwainerp@marketwatch.com,Female,65,China
C_0003,Bryon,Lampert,blampertro@archive.org,Male,59,Mauritania
C_0004,Buddie,Downie,bdowniern@soup.io,Male,29,Pakistan
C_0005,Kirby,Pavluk,kpavlukrm@amazon.com,Male,49,Indonesia
C_0006,Gabi,Makey,gmakeyrl@blinklist.com,Male,54,France
C_0007,Nanice,Meehan,nmeehanrk@usnews.com,Female,64,Indonesia
C_0008,Eva,Cornelleau,ecornelleaurj@livejournal.com,Female,56,Poland
C_0009,Phedra,Whewill,pwhewillri@census.gov,Female,51,Czech Republic
C_0010,Heddie,Murphy,hmurphyrh@naver.com,Female,32,China
C_0011,Celesta,Whittam,cwhittam2q@surveymonkey.com,Female,44,Portugal
C_0012,Josephine,MacCaull,jmaccaullrg@newyorker.com,Female,51,United Kingdom
C_0013,Bevon,Collicott,bcollicottrf@statcounter.com,Male,53,China
C_0014,Codi,Rossiter,crossiterre@blog.com,Male,42,Mexico
C_0015,Rici,Bazek,rbazekrd@jalbum.net,Female,22,Philippines
C_0016,Charo,Blackadder,cblackadderrc@sbwire.com,Male,50,Philippines
C_0017,Dane,Northcote,dnorthcoterb@smh.com.au,Male,34,Indonesia
C_0018,Bennett,Turney,bturneyra@china.com.cn,Male,62,Indonesia
C_0019,Trude,Glasheen,tglasheenr9@nhs.uk,Female,18,Poland
C_0020,Siobhan,Sommerscales,ssommerscalesr8@friendfeed.com,Female,26,Argentina
C_0021,Rosemary,Pes,rpesr7@forbes.com,Female,57,Indonesia
C_0022,Wilhelmine,Purcell,wpurcell2p@cpanel.net,Female,32,Brazil
C_0023,Daron,Beiderbecke,dbeiderbecker6@census.gov,Female,52,China
C_0024,Kettie,Samwaye,ksamwayer5@drupal.org,Female,22,France
C_0025,Gustave,Venes,gvenesr4@goo.ne.jp,Male,60,Chad
C_0026,Kellby,Balmforth,kbalmforthr3@booking.com,Male,69,Nigeria
C_0027,Lorne,Mityashin,lmityashinr2@cbsnews.com,Female,27,China
C_0028,Abram,McAneny,amcanenyr1@usa.gov,Male,42,Portugal
C_0029,Ninnette,Wade,nwader0@nih.gov,Female,32,Indonesia
C_0030,Wadsworth,Younghusband,wyounghusbandqz@bbc.co.uk,Male,46,Indonesia
C_0031,Marlon,Reynard,mreynardqy@addthis.com,Male,26,Sri Lanka
C_0032,Guilbert,Marrow,gmarrowqx@etsy.com,Male,45,Macedonia
C_0033,Biron,Rofe,brofe2o@ed.gov,Male,61,Qatar
C_0034,Ferd,Hilling,fhillingqw@dion.ne.jp,Male,17,Japan
C_0035,Eddy,Dovinson,edovinsonqv@msu.edu,Male,38,France
C_0036,Shem,Duckhouse,sduckhousequ@google.de,Male,61,Qatar
C_0037,Dorothea,Treffrey,dtreffreyqt@shareasale.com,Female,53,Philippines
C_0038,Carine,Airlie,cairlieqs@alibaba.com,Female,65,Togo
C_0039,Krystle,Frary,kfraryqr@chicagotribune.com,Female,54,Canada
C_0040,Addy,Rissen,arissenqq@angelfire.com,Male,43,Russia
C_0041,Donica,Hamsson,dhamssonqp@tinypic.com,Female,37,Russia
C_0042,Brittany,Schukraft,bschukraftqo@dailymotion.com,Female,38,Brazil
C_0043,Tracie,De Michele,tdemicheleqn@icq.com,Female,36,Qatar
C_0044,Gal,Shere,gshere2n@elpais.com,Male,67,Greece
C_0045,Duff,Acosta,dacostaqm@people.com.cn,Male,65,Portugal
C_0046,Henrik,Derill,hderillql@aboutads.info,Male,40,United States
C_0047,Murry,Daveridge,mdaveridgeqk@netlog.com,Male,32,Brazil
C_0048,Aurelia,Tonn,atonnqj@shop-pro.jp,Female,57,Qatar
C_0049,Winifred,Streetfield,wstreetfieldqi@drupal.org,Male,33,Qatar
C_0050,Lonnie,Dorran,ldorranqh@hao123.com,Female,56,Qatar
C_0051,Calvin,Allbones,callbonesqg@godaddy.com,Male,25,Norway
C_0052,Abran,Clunan,aclunanqf@cdc.gov,Male,31,Poland
C_0053,Josh,Campling,jcamplingqe@pcworld.com,Male,26,Philippines
C_0054,Francene,Hightown,fhightownqd@statcounter.com,Female,20,Ethiopia
C_0055,Winonah,McKiddin,wmckiddin2m@auda.org.au,Female,26,Poland
C_0056,Allen,Pyser,apyserqc@goo.gl,Male,33,Indonesia
C_0057,Prudy,Bugden,pbugdenqb@bloomberg.com,Female,45,Qatar
C_0058,Annmaria,Mutter,amutterqa@seesaa.net,Female,24,Russia
C_0059,Kinnie,Hiley,khileyq9@vistaprint.com,Male,36,Qatar
C_0060,Lew,Sinnie,lsinnieq8@ftc.gov,Male,41,South Africa
C_0061,Petronille,Preshaw,ppreshawq7@europa.eu,Female,59,Philippines
C_0062,Sheridan,Iacovucci,siacovucciq6@rakuten.co.jp,Male,42,Hungary
C_0063,Philly,Beddin,pbeddinq5@pcworld.com,Female,26,Brazil
C_0064,Denver,Skelhorn,dskelhornq4@spotify.com,Male,40,Spain
C_0065,Reg,Tipperton,rtippertonq3@sohu.com,Male,45,Czech Republic
C_0066,Gael,Klainer,gklainer2l@theguardian.com,Male,54,Qatar
C_0067,Dominick,Murby,dmurbyq2@theglobeandmail.com,Male,24,Qatar
C_0068,Elvis,Uridge,euridgeq1@newyorker.com,Male,47,Qatar
C_0069,Christi,Middle,cmiddleq0@cocolog-nifty.com,Female,38,Indonesia
C_0070,Jada,Thirkettle,jthirkettlepz@parallels.com,Female,62,Philippines
C_0071,Cordey,Davley,cdavleypy@cdc.gov,Female,31,Indonesia
C_0072,Prudence,Coolbear,pcoolbearpx@msu.edu,Female,52,Qatar
C_0073,Neddy,Allcock,nallcockpw@canalblog.com,Male,65,Mexico
C_0074,Curtis,Deackes,cdeackespv@tuttocitta.it,Male,26,France
C_0075,Othilie,Fulkes,ofulkespu@i2i.jp,Male,40,Poland
C_0076,Whit,Jeroch,wjerochpt@eventbrite.com,Male,48,Philippines
C_0077,Ruggiero,Bottom,rbottom2k@sun.com,Male,59,Qatar
C_0078,Selia,Bayly,sbaylyps@quantcast.com,Female,68,Argentina
C_0079,Edward,Chamney,echamneypr@godaddy.com,Male,17,Japan
C_0080,Shurwood,Snipe,ssnipepq@deviantart.com,Male,61,Qatar
C_0081,Sheila,Billows,sbillowspp@dailymotion.com,Female,54,Peru
C_0082,Margaux,Bleackley,mbleackleypo@wordpress.com,Female,39,Sweden
C_0083,Ruby,Renowden,rrenowdenpn@nba.com,Male,49,Colombia
C_0084,Everard,Rosewarne,erosewarnepm@acquirethisname.com,Male,37,Poland
C_0085,Robbyn,Kelsow,rkelsowpl@geocities.jp,Female,29,Russia
C_0086,Krissy,Tyt,ktytpk@wired.com,Female,69,Indonesia
C_0087,Suki,Grinyov,sgrinyovpj@craigslist.org,Male,50,Qatar
C_0088,Elnora,Vyse,evyse2j@irs.gov,Female,22,Finland
C_0089,Westbrooke,Gartin,wgartinpi@sohu.com,Male,49,Czech Republic
C_0090,Shadow,Gavey,sgaveyph@acquirethisname.com,Male,41,Qatar
C_0091,Gorden,Bolf,gbolfpg@xrea.com,Male,64,Malaysia
C_0092,Dot,Nabbs,dnabbspf@irs.gov,Female,39,Qatar
C_0093,Clevie,Waterfield,cwaterfieldpe@oaic.gov.au,Male,64,Philippines
C_0094,Dorelia,Cuerdale,dcuerdalepd@answers.com,Female,65,Qatar
C_0095,Kendrick,Ruddiforth,kruddiforthpc@europa.eu,Male,21,Qatar
C_0096,Storm,Le Barr,slebarrpb@trellian.com,Female,39,Qatar
C_0097,Torr,Pere,tperepa@msu.edu,Male,17,Hungary
C_0098,Abby,Cowton,acowtonp9@si.edu,Male,45,United States
C_0099,Hyacinthia,Maden,hmaden2i@fotki.com,Female,22,Philippines
C_0100,Pru,Geillier,pgeillierp8@nydailynews.com,Female,25,Qatar
C_0101,Aviva,Dossit,adossitp7@domainmarket.com,Male,69,Qatar
C_0102,Ursa,Szymoni,uszymonip6@wisc.edu,Female,20,Qatar
C_0103,Nan,Maddrell,nmaddrellp5@freewebs.com,Female,38,Brazil
C_0104,Nahum,Leall,nleallp4@free.fr,Male,37,France
C_0105,York,O'Lenechan,yolenechanp3@odnoklassniki.ru,Male,19,Qatar
C_0106,Munmro,Brydie,mbrydiep2@simplemachines.org,Male,36,Sudan
C_0107,Dorice,Leport,dleportp1@pbs.org,Female,19,Qatar
C_0108,Baron,Rowson,browsonp0@google.ru,Male,39,Qatar
C_0109,Atlanta,Trouncer,atrounceroz@about.com,Female,43,Germany
C_0110,Isak,Gullivent,igullivent2h@youtu.be,Male,46,Philippines
C_0111,Holt,Timmermann,htimmermann8@mayoclinic.com,Male,64,Portugal
C_0112,Audrie,Cobbledick,acobbledickoy@woothemes.com,Female,33,Sweden
C_0113,Gladi,Kobpac,gkobpacox@qq.com,Female,31,Qatar
C_0114,Cathi,Cathcart,ccathcartow@who.int,Female,38,Qatar
C_0115,Eryn,Vasichev,evasichevov@theguardian.com,Female,68,Qatar
C_0116,Jennilee,Deeble,jdeebleou@ted.com,Female,37,Qatar
C_0117,Fallon,Robinett,frobinettot@spotify.com,Female,57,Portugal
C_0118,Dylan,Tarquinio,dtarquinioos@blinklist.com,Male,16,Qatar
C_0119,Rosie,Luebbert,rluebbertor@latimes.com,Female,28,Malaysia
C_0120,Tobye,Bartusek,tbartusekoq@huffingtonpost.com,Male,64,United States
C_0121,Trip,Crosscombe,tcrosscombeop@hatena.ne.jp,Male,27,Qatar
C_0122,Rubi,Watling,rwatling2g@meetup.com,Female,24,Qatar
C_0123,Theresita,Allsopp,tallsoppoo@comsenz.com,Female,49,Czech Republic
C_0124,Alfonso,Maleney,amaleneyon@arstechnica.com,Male,16,Qatar
C_0125,Kirstin,Burgill,kburgillom@dagondesign.com,Female,55,Qatar
C_0126,Jameson,Delagnes,jdelagnesol@shop-pro.jp,Male,27,Nepal
C_0127,Kip,Monkman,kmonkmanok@hibu.com,Female,21,Philippines
C_0128,Elonore,Buffy,ebuffyoj@springer.com,Female,45,Qatar
C_0129,Renado,Nell,rnelloi@friendfeed.com,Male,31,Mongolia
C_0130,Kai,Deane,kdeaneoh@istockphoto.com,Female,66,Qatar
C_0131,Archer,Treher,atreherog@slate.com,Male,19,Canada
C_0132,Kitti,Philippart,kphilippartof@trellian.com,Female,33,Netherlands
C_0133,Angeline,Dargavel,adargavel2f@redcross.org,Female,35,Philippines
C_0134,Kinnie,Dungay,kdungayoe@pen.io,Female,67,United States
C_0135,Stace,Ramelet,srameletod@google.co.jp,Female,28,Qatar
C_0136,Malorie,Skelhorn,mskelhornoc@artisteer.com,Female,39,Brazil
C_0137,Berkley,Scoates,bscoatesob@com.com,Male,66,Qatar
C_0138,Emile,Oels,eoelsoa@wikimedia.org,Male,50,Qatar
C_0139,Liv,McCook,lmccooko9@exblog.jp,Female,33,Argentina
C_0140,Craggie,Hayer,chayero8@illinois.edu,Male,68,Sri Lanka
C_0141,Lethia,Minshull,lminshullo7@youku.com,Female,27,Argentina
C_0142,Tammy,Davisson,tdavissono6@a8.net,Female,43,Qatar
C_0143,Janaya,Gaddas,jgaddaso5@hugedomains.com,Female,21,Qatar
C_0144,Pace,Pietz,ppietz2e@webeden.co.uk,Male,34,Mongolia
C_0145,Feodora,Still,fstillo4@e-recht24.de,Female,39,Qatar
C_0146,Warren,Howselee,whowseleeo3@hhs.gov,Male,50,Qatar
C_0147,Fidela,Precious,fpreciouso2@stanford.edu,Female,41,Qatar
C_0148,Analise,Silveston,asilvestono1@google.com.hk,Female,31,Czech Republic
C_0149,Ryun,Crooks,rcrookso0@smh.com.au,Male,61,United States
C_0150,Buiron,Parnell,bparnellnz@ox.ac.uk,Male,55,Spain
C_0151,Cecilla,Le Franc,clefrancny@scientificamerican.com,Female,44,Qatar
C_0152,Rosina,Ord,rordnx@networkadvertising.org,Female,57,Qatar
C_0153,Peta,Berget,pbergetnw@list-manage.com,Female,40,Qatar
C_0154,Christy,Turle,cturlenv@sfgate.com,Male,46,Poland
C_0155,Nathalia,Veivers,nveivers2d@cnn.com,Female,27,United States
C_0156,Jeffry,Hargess,jhargessnu@instagram.com,Male,37,Qatar
C_0157,Daphene,Kippen,dkippennt@blogger.com,Female,66,Syria
C_0158,Inigo,Aaronson,iaaronsonns@tuttocitta.it,Male,31,Thailand
C_0159,Grange,Hukins,ghukinsnr@amazonaws.com,Male,22,Ireland
C_0160,Ced,Fearn,cfearnnq@apache.org,Male,64,Qatar
C_0161,Walker,O'Heffernan,woheffernannp@paypal.com,Male,44,Brazil
C_0162,Eddie,Kaspar,ekasparno@earthlink.net,Male,46,Qatar
C_0163,Marci,Evenden,mevendennn@apache.org,Female,62,Greece
C_0164,Lianne,Keyho,lkeyhonm@forbes.com,Female,66,Qatar
C_0165,Pier,Pattenden,ppattendennl@newyorker.com,Female,18,Philippines
C_0166,Melonie,McArthur,mmcarthur2c@sfgate.com,Female,63,Qatar
C_0167,Kristan,Enderle,kenderlenk@tinyurl.com,Female,53,Qatar
C_0168,Hilliard,Scanderet,hscanderetnj@dmoz.org,Male,59,Qatar
C_0169,Zuzana,Mulderrig,zmulderrigni@umn.edu,Female,48,Qatar
C_0170,Feodor,Maric,fmaricnh@msn.com,Male,46,Argentina
C_0171,Alfreda,Haydney,ahaydneyng@google.cn,Female,45,Lebanon
C_0172,Marcelo,Biscomb,mbiscombnf@blogtalkradio.com,Male,35,Qatar
C_0173,Jacquelynn,Rengger,jrenggerne@adobe.com,Female,27,Slovenia
C_0174,Salmon,Gavriel,sgavrielnd@oakley.com,Male,52,Tunisia
C_0175,Bill,Audus,baudusnc@xinhuanet.com,Female,26,Thailand
C_0176,Modesta,Paulton,mpaultonnb@cisco.com,Female,38,Qatar
C_0177,Farly,Bertelmot,fbertelmot2b@ovh.net,Male,20,Russia
C_0178,Lionel,Custance,lcustancena@merriam-webster.com,Male,55,Vietnam
C_0179,Arne,Menci,amencin9@bing.com,Male,17,Greece
C_0180,Tommy,Skeldinge,tskeldingen8@mapy.cz,Female,54,Qatar
C_0181,Ring,Robelet,rrobeletn7@google.com.hk,Male,28,Qatar
C_0182,Eryn,Ewer,eewern6@ebay.com,Female,42,Qatar
C_0183,Tracee,Overell,toverelln5@instagram.com,Female,20,Finland
C_0184,Kendre,Marlow,kmarlown4@goo.gl,Female,59,Thailand
C_0185,Ninetta,McCloud,nmccloudn3@imgur.com,Female,21,Bahamas
C_0186,Loree,Olden,loldenn2@mlb.com,Female,23,Poland
C_0187,Nikaniki,Bodycombe,nbodycomben1@ocn.ne.jp,Female,62,Qatar
C_0188,Livvyy,MacVay,lmacvay2a@cnet.com,Female,20,Germany
C_0189,Clemence,Yggo,cyggon0@cafepress.com,Female,40,Philippines
C_0190,Ardys,Beszant,abeszantmz@linkedin.com,Female,30,Chile
C_0191,Warden,Ide,widemy@mozilla.org,Male,54,Qatar
C_0192,Dominick,Gronauer,dgronauermx@wsj.com,Male,23,Libya
C_0193,Merle,Sedger,msedgermw@360.cn,Male,68,Qatar
C_0194,Pegeen,Edgin,pedginmv@etsy.com,Female,40,Qatar
C_0195,Gus,Steggles,gstegglesmu@angelfire.com,Female,41,Qatar
C_0196,Tye,Yelyashev,tyelyashevmt@bigcartel.com,Male,34,Sweden
C_0197,Barrie,Matts,bmattsms@dion.ne.jp,Female,19,Qatar
C_0198,Fredric,Kynge,fkyngemr@liveinternet.ru,Male,51,Brazil
C_0199,Quill,Widdocks,qwiddocks29@tamu.edu,Male,63,Russia
C_0200,Winthrop,Warrior,wwarriormq@domainmarket.com,Male,45,Madagascar
C_0201,Reinaldo,Duplock,rduplockmp@blogs.com,Male,47,Qatar
C_0202,Gwendolen,Lung,glungmo@taobao.com,Female,54,France
C_0203,Lemmie,Swetman,lswetmanmn@apple.com,Male,60,Vietnam
C_0204,Michaeline,Dionsetto,mdionsettomm@histats.com,Female,45,Qatar
C_0205,Dyna,Werlock,dwerlockml@huffingtonpost.com,Female,70,Qatar
C_0206,Rois,MacNeely,rmacneelymk@independent.co.uk,Female,53,Czech Republic
C_0207,Tish,Southan,tsouthanmj@yellowbook.com,Female,47,Tunisia
C_0208,Cory,Vosse,cvossemi@tripadvisor.com,Female,66,Qatar
C_0209,Gottfried,Medd,gmeddmh@baidu.com,Male,67,Syria
C_0210,Catherin,Kinchley,ckinchley28@jimdo.com,Female,35,Qatar
C_0211,Cull,Glashby,cglashbymg@angelfire.com,Male,17,Guyana
C_0212,Rhodie,Wakefield,rwakefieldmf@epa.gov,Female,46,Peru
C_0213,Sally,Heining,sheiningme@aol.com,Female,38,Brazil
C_0214,Devina,Seals,dsealsmd@virginia.edu,Female,54,Qatar
C_0215,Blisse,Raggatt,braggattmc@nba.com,Female,55,Qatar
C_0216,Bay,Doleman,bdolemanmb@illinois.edu,Male,65,Mexico
C_0217,Charin,Bidwell,cbidwellma@fda.gov,Female,60,Qatar
C_0218,Erda,Enrietto,eenriettom9@tripod.com,Female,26,South Korea
C_0219,Lawrence,Franzettoini,lfranzettoinim8@ebay.co.uk,Male,47,Qatar
C_0220,Elysee,Freire,efreirem7@ehow.com,Female,51,Gambia
C_0221,Evie,Bellefonte,ebellefonte27@wikispaces.com,Female,46,Philippines
C_0222,Mariam,Warmisham,mwarmisham7@histats.com,Female,63,China
C_0223,Garrard,Ruppeli,gruppelim6@techcrunch.com,Male,69,Qatar
C_0224,Ninnette,Schwartz,nschwartzm5@twitter.com,Female,44,Qatar
C_0225,Angie,MacCarrick,amaccarrickm4@blogs.com,Female,57,Qatar
C_0226,Stacy,Clausner,sclausnerm3@ucsd.edu,Male,50,France
C_0227,Hattie,McQuorkell,hmcquorkellm2@simplemachines.org,Female,46,Qatar
C_0228,Susette,Kissick,skissickm1@squarespace.com,Female,60,Qatar
C_0229,Fitz,Hunt,fhuntm0@goodreads.com,Male,23,Qatar
C_0230,Conny,Badsey,cbadseylz@imageshack.us,Male,52,Kazakhstan
C_0231,Lorine,Gladdolph,lgladdolphly@webeden.co.uk,Female,38,Honduras
C_0232,Eward,Somerled,esomerledlx@biglobe.ne.jp,Male,37,Portugal
C_0233,Darda,Pardy,dpardy26@icq.com,Female,62,Sweden
C_0234,Alayne,Metson,ametsonlw@1und1.de,Female,16,Micronesia
C_0235,Theodore,Taffe,ttaffelv@istockphoto.com,Male,70,Qatar
C_0236,Zebulen,Scardefield,zscardefieldlu@techcrunch.com,Male,30,United States
C_0237,Malchy,Everington,meveringtonlt@vkontakte.ru,Male,18,Guatemala
C_0238,Lazarus,Oguz,loguzls@census.gov,Male,19,Peru
C_0239,Nils,Ades,nadeslr@elegantthemes.com,Male,28,Bangladesh
C_0240,Cinda,Ohlsen,cohlsenlq@google.es,Female,38,Saint Vincent and the Grenadines
C_0241,Gabi,Kerslake,gkerslakelp@bloglines.com,Male,34,Mexico
C_0242,Gabrila,Clericoates,gclericoateslo@com.com,Male,44,Qatar
C_0243,Temp,Crossman,tcrossmanln@wisc.edu,Male,20,Qatar
C_0244,Renato,Blowen,rblowen25@tripod.com,Male,48,Qatar
C_0245,Larina,Hearsum,lhearsumlm@freewebs.com,Female,47,Ecuador
C_0246,Katusha,Ordish,kordishll@mayoclinic.com,Female,29,Qatar
C_0247,Virgilio,Bailey,vbaileylk@skype.com,Male,16,Sweden
C_0248,Ellerey,Hrinchenko,ehrinchenkolj@goo.ne.jp,Male,64,Qatar
C_0249,Kellina,MacTrustey,kmactrusteyli@ox.ac.uk,Female,17,Qatar
C_0250,Kit,Riggs,kriggslh@berkeley.edu,Female,45,Brazil
C_0251,Lolly,Goering,lgoeringlg@oakley.com,Female,20,France
C_0252,Mariejeanne,Galliford,mgallifordlf@opensource.org,Female,54,Philippines
C_0253,Yorgo,Coonan,ycoonanle@time.com,Male,42,Qatar
C_0254,Betteann,Morrill,bmorrillld@auda.org.au,Female,62,Qatar
C_0255,Levi,Defries,ldefries24@gov.uk,Male,66,China
C_0256,Modestine,Galego,mgalegolc@taobao.com,Female,60,Panama
C_0257,Georgianna,Cerith,gcerithlb@stumbleupon.com,Female,64,Qatar
C_0258,Mill,Sayles,msaylesla@simplemachines.org,Male,56,Qatar
C_0259,Norene,Zavattieri,nzavattieril9@bizjournals.com,Female,25,United States
C_0260,Annissa,Oles,aolesl8@ezinearticles.com,Female,40,Qatar
C_0261,Eartha,Stealfox,estealfoxl7@bloglines.com,Male,57,Mongolia
C_0262,Kin,Lyttle,klyttlel6@ezinearticles.com,Male,58,Qatar
C_0263,Angelia,Sedcole,asedcolel5@nature.com,Female,44,Japan
C_0264,Kippy,Giovanetti,kgiovanettil4@buzzfeed.com,Male,45,Brazil
C_0265,Farley,Colquyte,fcolquytel3@shop-pro.jp,Male,46,Philippines
C_0266,Kelci,Robinett,krobinett23@livejournal.com,Female,43,Japan
C_0267,Stevana,Skettles,sskettlesl2@home.pl,Female,43,Qatar
C_0268,Virgilio,Yedy,vyedyl1@hao123.com,Male,58,Sweden
C_0269,Noam,Willson,nwillsonl0@apple.com,Male,27,Qatar
C_0270,Jeno,Kleimt,jkleimtkz@cbslocal.com,Male,51,Canada
C_0271,Patric,Impey,pimpeyky@t-online.de,Male,42,Qatar
C_0272,Gertruda,Rolles,grolleskx@tumblr.com,Female,24,United States
C_0273,Maximilianus,Pizzie,mpizziekw@networksolutions.com,Male,35,Brazil
C_0274,Foster,O'Kerin,fokerinkv@wired.com,Male,49,Sweden
C_0275,Starlene,Passmore,spassmoreku@moonfruit.com,Female,15,Niger
C_0276,Helsa,Loughren,hloughrenkt@jigsy.com,Female,59,Qatar
C_0277,Neale,Kiossel,nkiossel22@columbia.edu,Male,70,France
C_0278,Bruis,Fish,bfishks@wordpress.org,Male,16,Brazil
C_0279,Padriac,Orwin,porwinkr@comsenz.com,Male,20,Qatar
C_0280,Freddi,Clayal,fclayalkq@goodreads.com,Female,44,Qatar
C_0281,Alvin,Dufer,aduferkp@youtu.be,Male,26,Dominican Republic
C_0282,Cyrus,Dalley,cdalleyko@tripadvisor.com,Male,42,United States
C_0283,Jobey,Gresley,jgresleykn@friendfeed.com,Female,59,Philippines
C_0284,Ernestine,Amey,eameykm@state.gov,Female,23,Poland
C_0285,Matt,Kleewein,mkleeweinkl@bbb.org,Male,54,Qatar
C_0286,Maria,Bimson,mbimsonkk@domainmarket.com,Female,34,Brazil
C_0287,Heinrick,Tollady,htolladykj@paginegialle.it,Male,18,Qatar
C_0288,Gilbertine,Venour,gvenour21@yahoo.co.jp,Female,35,Somalia
C_0289,Jacquette,Hetterich,jhetterichki@w3.org,Female,65,Qatar
C_0290,Colline,Luxen,cluxenkh@usatoday.com,Female,41,Qatar
C_0291,Calley,Cotty,ccottykg@eepurl.com,Female,49,France
C_0292,Yorker,Shipley,yshipleykf@webmd.com,Male,61,Portugal
C_0293,Marguerite,Burgoyne,mburgoyneke@typepad.com,Female,70,Sweden
C_0294,Camila,Haukey,chaukeykd@domainmarket.com,Female,42,Venezuela
C_0295,Sebastian,Guillart,sguillartkc@noaa.gov,Male,35,Qatar
C_0296,Benjie,Giraldez,bgiraldezkb@w3.org,Male,19,Finland
C_0297,Dione,Durn,ddurnka@barnesandnoble.com,Female,49,Argentina
C_0298,Merrily,Critchell,mcritchellk9@51.la,Female,69,Poland
C_0299,Cymbre,Angus,cangus20@sourceforge.net,Female,60,New Zealand
C_0300,Meriel,Del Monte,mdelmontek8@unblog.fr,Female,15,Thailand
C_0301,Kariotta,Parkman,kparkmank7@google.nl,Female,23,North Korea
C_0302,Melvyn,Castagno,mcastagnok6@pbs.org,Male,31,Philippines
C_0303,Erv,Bande,ebandek5@time.com,Male,24,New Caledonia
C_0304,Wilfred,Blundon,wblundonk4@moonfruit.com,Male,53,Sweden
C_0305,Aggie,Doornbos,adoornbosk3@qq.com,Female,58,Qatar
C_0306,Scarlett,Dominey,sdomineyk2@ycombinator.com,Female,24,Philippines
C_0307,Becki,Rapport,brapportk1@washington.edu,Female,45,Vietnam
C_0308,Ada,Pizzey,apizzeyk0@auda.org.au,Female,30,Qatar
C_0309,Kaila,Battany,kbattanyjz@sciencedirect.com,Female,37,Qatar
C_0310,Lindy,Morando,lmorando1z@nasa.gov,Male,52,Tajikistan
C_0311,Harriet,Diament,hdiamentjy@feedburner.com,Female,35,Qatar
C_0312,Griswold,Bradburne,gbradburnejx@jimdo.com,Male,50,Brazil
C_0313,Kordula,Whether,kwhetherjw@prnewswire.com,Female,49,France
C_0314,Aleksandr,Tesh,ateshjv@bluehost.com,Male,70,Qatar
C_0315,Betty,Cotter,bcotterju@etsy.com,Female,44,Brazil
C_0316,Keir,Regnard,kregnardjt@shinystat.com,Male,27,Qatar
C_0317,Gusti,Stampfer,gstampferjs@discuz.net,Female,28,Ireland
C_0318,Theodoric,Ross,trossjr@plala.or.jp,Male,39,Qatar
C_0319,Ker,Parminter,kparminterjq@europa.eu,Male,64,Sweden
C_0320,Brucie,Ciccottini,bciccottinijp@pagesperso-orange.fr,Male,45,Finland
C_0321,Gorden,Wavish,gwavish1y@constantcontact.com,Male,60,Qatar
C_0322,Freeland,Marty,fmartyjo@chronoengine.com,Male,61,Qatar
C_0323,Martha,Gonneau,mgonneaujn@t-online.de,Female,56,Qatar
C_0324,Violante,Sharland,vsharlandjm@java.com,Female,21,Qatar
C_0325,Roxane,Ricardin,rricardinjl@scribd.com,Female,54,Honduras
C_0326,Melicent,Aveyard,maveyardjk@weebly.com,Female,45,Poland
C_0327,Emmanuel,Canty,ecantyjj@slashdot.org,Male,49,Tanzania
C_0328,Avie,Ondrus,aondrusji@bravesites.com,Female,40,Qatar
C_0329,Audre,Barrow,abarrowjh@spotify.com,Female,63,Qatar
C_0330,Ashlee,Gatteridge,agatteridgejg@cdbaby.com,Female,45,Japan
C_0331,Rora,O'Fielly,rofiellyjf@vistaprint.com,Female,39,France
C_0332,Kori,Cosby,kcosby1x@spotify.com,Female,54,Peru
C_0333,Janith,Aizic,jaizic6@slashdot.org,Female,33,Russia
C_0334,Cathe,Dagg,cdaggje@barnesandnoble.com,Female,46,Nicaragua
C_0335,Pepita,Elliff,pelliffjd@blogspot.com,Female,18,Qatar
C_0336,Shalne,Pirozzi,spirozzijc@bandcamp.com,Female,58,Qatar
C_0337,Ertha,Robun,erobunjb@bravesites.com,Female,44,Thailand
C_0338,Fifine,Nowick,fnowickja@wikipedia.org,Female,59,Taiwan
C_0339,Electra,Klaassens,eklaassensj9@cam.ac.uk,Female,26,Greece
C_0340,Wadsworth,Rubinchik,wrubinchikj8@google.de,Male,59,South Africa
C_0341,Marshal,Gilstoun,mgilstounj7@ca.gov,Male,58,Thailand
C_0342,Noll,Teacy,nteacyj6@usnews.com,Male,68,Philippines
C_0343,Adara,Mouan,amouanj5@eepurl.com,Female,37,Qatar
C_0344,Enrika,Keyden,ekeyden1w@google.com.br,Female,38,Qatar
C_0345,Luelle,Gleasane,lgleasanej4@ucsd.edu,Female,55,France
C_0346,Meggy,Hyrons,mhyronsj3@histats.com,Female,37,Canada
C_0347,Sibeal,Bradmore,sbradmorej2@usgs.gov,Female,28,Germany
C_0348,Frances,Bafford,fbaffordj1@jiathis.com,Female,42,Qatar
C_0349,Sharron,Trayte,straytej0@cbslocal.com,Female,50,Japan
C_0350,Yvon,Andersch,yanderschiz@cnbc.com,Male,20,Bolivia
C_0351,Kass,Ramsden,kramsdeniy@npr.org,Female,39,Brazil
C_0352,Krissy,McKinn,kmckinnix@blogspot.com,Female,48,United States
C_0353,Barn,Kernock,bkernockiw@independent.co.uk,Male,64,Qatar
C_0354,Homer,MacCague,hmaccagueiv@ocn.ne.jp,Male,15,Qatar
C_0355,Ailbert,Morison,amorison1v@ucoz.com,Male,26,Japan
C_0356,Maurise,McInnery,mmcinneryiu@kickstarter.com,Male,57,Portugal
C_0357,Katharine,Baggiani,kbaggianiit@etsy.com,Female,50,Qatar
C_0358,Rosalie,Lammenga,rlammengais@cmu.edu,Female,26,Brazil
C_0359,Colman,Petcher,cpetcherir@tumblr.com,Male,27,Qatar
C_0360,Allayne,Ventris,aventrisiq@globo.com,Male,29,Morocco
C_0361,Zulema,Sedgemore,zsedgemoreip@mtv.com,Female,62,Honduras
C_0362,Ardys,Saurat,asauratio@desdev.cn,Female,56,Canada
C_0363,Bradan,Breadmore,bbreadmorein@timesonline.co.uk,Male,63,Brazil
C_0364,Neall,Toor,ntoorim@sciencedaily.com,Male,59,Qatar
C_0365,Carlyn,Gillibrand,cgillibrandil@aboutads.info,Female,38,Peru
C_0366,Gigi,Napoleon,gnapoleon1u@mtv.com,Female,48,China
C_0367,Jeanna,Stowgill,jstowgillik@toplist.cz,Female,68,Slovenia
C_0368,Jeffrey,Cavaney,jcavaneyij@tmall.com,Male,31,Chad
C_0369,Jobina,Neller,jnellerii@domainmarket.com,Female,38,Poland
C_0370,Niels,Stokes,nstokesih@google.cn,Male,50,Ukraine
C_0371,Job,Casson,jcassonig@wufoo.com,Male,62,Qatar
C_0372,Remus,Charsley,rcharsleyif@nydailynews.com,Male,69,Argentina
C_0373,Camey,Gaddie,cgaddieie@fc2.com,Male,18,Qatar
C_0374,Carny,Cornelissen,ccornelissenid@wikia.com,Male,53,Qatar
C_0375,Thane,Andersson,tanderssonic@ovh.net,Male,29,Colombia
C_0376,Leonhard,Wickett,lwickettib@dmoz.org,Male,64,Qatar
C_0377,Shea,Clutton,sclutton1t@yelp.com,Female,37,China
C_0378,Aldo,Deboy,adeboyia@theglobeandmail.com,Male,28,Qatar
C_0379,Thelma,Cartledge,tcartledgei9@over-blog.com,Female,53,Qatar
C_0380,Viviana,Tann,vtanni8@tinyurl.com,Female,42,Brazil
C_0381,Delcine,Bourgeois,dbourgeoisi7@ustream.tv,Female,18,Thailand
C_0382,Farley,Fetter,ffetteri6@shutterfly.com,Male,67,Qatar
C_0383,Raye,Joul,rjouli5@altervista.org,Female,24,Guatemala
C_0384,Sarena,Crab,scrabi4@wix.com,Female,18,Qatar
C_0385,Lauren,Thunders,lthundersi3@comcast.net,Male,69,Mali
C_0386,Damon,Leather,dleatheri2@nasa.gov,Male,27,Canada
C_0387,Darrelle,Fettiplace,dfettiplacei1@nba.com,Female,49,Qatar
C_0388,Kala,MacCarlich,kmaccarlich1s@linkedin.com,Female,29,Sweden
C_0389,Terra,McAndrew,tmcandrewi0@imdb.com,Female,58,Qatar
C_0390,Olag,Sang,osanghz@cisco.com,Male,23,Poland
C_0391,Fianna,Romanin,fromaninhy@loc.gov,Female,29,Qatar
C_0392,Jami,Dumingos,jdumingoshx@w3.org,Female,66,Syria
C_0393,Tiphany,Presland,tpreslandhw@harvard.edu,Female,58,Brazil
C_0394,Ernaline,Colman,ecolmanhv@businessweek.com,Female,46,Tunisia
C_0395,Waylen,Riedel,wriedelhu@cyberchimps.com,Male,37,Peru
C_0396,Denice,Swayton,dswaytonht@irs.gov,Female,45,Qatar
C_0397,Dennison,Ravenscroftt,dravenscroftths@elegantthemes.com,Male,18,Ukraine
C_0398,Maritsa,Spilstead,mspilsteadhr@marketwatch.com,Female,22,Qatar
C_0399,Tybi,Bridgestock,tbridgestock1r@amazon.co.uk,Female,54,Argentina
C_0400,Ingunna,Corran,icorranhq@cornell.edu,Female,69,Poland
C_0401,Gabbie,Goodered,ggooderedhp@springer.com,Male,60,Philippines
C_0402,Waverly,Coverley,wcoverleyho@usa.gov,Male,50,Greece
C_0403,Raimund,Lacroix,rlacroixhn@spotify.com,Male,58,Netherlands
C_0404,Russell,Waddoups,rwaddoupshm@issuu.com,Male,38,Qatar
C_0405,Druci,Jados,djadoshl@google.com.br,Female,63,Ukraine
C_0406,Field,Chrisp,fchrisphk@naver.com,Male,65,Philippines
C_0407,Ignaz,Borland,iborlandhj@merriam-webster.com,Male,36,Qatar
C_0408,Nola,Losbie,nlosbiehi@amazon.com,Female,49,Qatar
C_0409,Archie,Reyes,areyeshh@gravatar.com,Male,44,Portugal
C_0410,Mathias,Weeke,mweeke1q@cargocollective.com,Male,70,Indonesia
C_0411,Giovanni,Huton,ghutonhg@theatlantic.com,Male,44,Thailand
C_0412,Amble,Beste,abestehf@sohu.com,Male,60,Qatar
C_0413,Van,Balazin,vbalazinhe@globo.com,Female,54,Dominican Republic
C_0414,Giacopo,Dykins,gdykinshd@ihg.com,Male,21,Philippines
C_0415,Bard,Samsin,bsamsinhc@bbc.co.uk,Male,69,Bangladesh
C_0416,Daune,Scullion,dscullionhb@joomla.org,Female,16,Qatar
C_0417,Ashley,Mollatt,amollattha@tinypic.com,Female,53,Ukraine
C_0418,Cointon,Jerromes,cjerromesh9@tumblr.com,Male,17,Kenya
C_0419,Dimitry,Behnke,dbehnkeh8@examiner.com,Male,59,Qatar
C_0420,Raynor,Currm,rcurrmh7@usgs.gov,Male,15,South Africa
C_0421,Sayer,Rule,srule1p@mayoclinic.com,Male,34,Curacao
C_0422,Flo,Penny,fpennyh6@nhs.uk,Female,67,Peru
C_0423,Dyane,Spincke,dspinckeh5@de.vu,Female,17,Qatar
C_0424,Leonidas,Monard,lmonardh4@cam.ac.uk,Male,64,Poland
C_0425,Scot,Burstowe,sburstoweh3@lycos.com,Male,33,South Korea
C_0426,Cob,Pencost,cpencosth2@unicef.org,Male,31,Brazil
C_0427,Otha,Rawdales,orawdalesh1@examiner.com,Female,19,Qatar
C_0428,Kevina,Francescoccio,kfrancescoccioh0@imdb.com,Female,28,Peru
C_0429,Tedman,Nesfield,tnesfieldgz@mediafire.com,Male,59,Greece
C_0430,Bing,Tembey,btembeygy@skype.com,Male,69,Qatar
C_0431,Barbabra,Dalgliesh,bdalglieshgx@reuters.com,Female,64,Mongolia
C_0432,Elladine,Swanson,eswanson1o@furl.net,Female,40,Argentina
C_0433,Thornton,Andreotti,tandreottigw@godaddy.com,Male,19,Vietnam
C_0434,Hughie,Yorath,hyorathgv@desdev.cn,Male,55,Brazil
C_0435,Alvy,Goodbody,agoodbodygu@nps.gov,Male,51,South Africa
C_0436,Bartholomeus,Stansfield,bstansfieldgt@statcounter.com,Male,41,Qatar
C_0437,Cordey,Tudor,ctudorgs@ning.com,Female,47,Peru
C_0438,Klement,Markwick,kmarkwickgr@earthlink.net,Male,31,Portugal
C_0439,Alanah,Hounsham,ahounshamgq@howstuffworks.com,Female,58,Qatar
C_0440,Nickolas,Eldershaw,neldershawgp@g.co,Male,65,Peru
C_0441,Jenine,Elnough,jelnoughgo@redcross.org,Female,30,Qatar
C_0442,Elvyn,Czaja,eczajagn@nationalgeographic.com,Male,25,Kuwait
C_0443,Fraze,Nutbrown,fnutbrown1n@state.gov,Male,57,France
C_0444,Elaina,Mack,emack5@163.com,Female,52,Qatar
C_0445,Bronny,Stainton - Skinn,bstaintonskinngm@goo.ne.jp,Male,33,Qatar
C_0446,Liz,Epinoy,lepinoygl@typepad.com,Female,41,Cyprus
C_0447,Cleo,Mundwell,cmundwellgk@histats.com,Female,26,France
C_0448,Eadmund,Sothern,esotherngj@google.fr,Male,16,Pakistan
C_0449,Bette,Sivior,bsiviorgi@free.fr,Female,53,Ukraine
C_0450,Caprice,Tyhurst,ctyhurstgh@ftc.gov,Female,51,Qatar
C_0451,Allan,Alekhov,aalekhovgg@blinklist.com,Male,69,Portugal
C_0452,Gay,Newlan,gnewlangf@mashable.com,Male,34,Qatar
C_0453,Morgana,Leon,mleonge@wikimedia.org,Male,48,United States
C_0454,Chilton,McConaghy,cmcconaghygd@tiny.cc,Male,20,Thailand
C_0455,Pascale,Tolson,ptolson1m@google.com,Male,43,Niger
C_0456,Hadria,Mantrip,hmantripgc@netscape.com,Female,47,Portugal
C_0457,Marlena,Storck,mstorckgb@geocities.com,Female,21,Qatar
C_0458,Melessa,Gorke,mgorkega@taobao.com,Female,56,Qatar
C_0459,Marlin,Haffenden,mhaffendeng9@altervista.org,Male,56,Thailand
C_0460,Eilis,Foad,efoadg8@seattletimes.com,Female,18,Peru
C_0461,Eyde,Worlidge,eworlidgeg7@jugem.jp,Female,64,Qatar
C_0462,Fabian,Driscoll,fdriscollg6@acquirethisname.com,Male,55,Peru
C_0463,Garwin,Dockreay,gdockreayg5@washingtonpost.com,Male,40,Madagascar
C_0464,Rici,Shrubb,rshrubbg4@com.com,Female,55,Sweden
C_0465,Erek,D'Cruze,edcruzeg3@4shared.com,Male,19,Brazil
C_0466,Godfrey,Diperaus,gdiperaus1l@wiley.com,Male,63,Nigeria
C_0467,Mellie,Label,mlabelg2@vimeo.com,Female,53,Qatar
C_0468,Emerson,Noriega,enoriegag1@hhs.gov,Male,21,Thailand
C_0469,Schuyler,Denkel,sdenkelg0@smh.com.au,Male,38,Dominican Republic
C_0470,Martina,Huikerby,mhuikerbyfz@booking.com,Female,27,Ecuador
C_0471,Millicent,Mosconi,mmosconify@hibu.com,Female,48,Qatar
C_0472,Kalinda,Ram,kramfx@surveymonkey.com,Female,44,Qatar
C_0473,Jeff,Langdridge,jlangdridgefw@timesonline.co.uk,Male,15,Qatar
C_0474,Dewain,Olensby,dolensbyfv@topsy.com,Male,55,Portugal
C_0475,Glennis,Botly,gbotlyfu@sohu.com,Female,59,Qatar
C_0476,Tabby,Perrington,tperringtonft@economist.com,Male,51,Qatar
C_0477,Valentin,Noon,vnoon1k@studiopress.com,Female,39,Ireland
C_0478,Josselyn,O'Hanlon,johanlonfs@elegantthemes.com,Female,60,Zambia
C_0479,Lyndy,Ikins,likinsfr@zimbio.com,Female,70,United States
C_0480,Noam,Bowgen,nbowgenfq@taobao.com,Male,59,Poland
C_0481,Siusan,Gunderson,sgundersonfp@trellian.com,Female,57,Egypt
C_0482,Kerry,Kmietsch,kkmietschfo@independent.co.uk,Female,68,Sweden
C_0483,Nissie,Copnar,ncopnarfn@mlb.com,Female,37,Czech Republic
C_0484,Phelia,Ox,poxfm@home.pl,Female,37,Sweden
C_0485,Demetris,Raitie,draitiefl@delicious.com,Male,68,Sweden
C_0486,Flemming,Riceards,friceardsfk@sfgate.com,Male,59,Qatar
C_0487,Emeline,Lanigan,elaniganfj@bloomberg.com,Female,66,Ukraine
C_0488,Marne,Bardwall,mbardwall1j@rambler.ru,Female,34,China
C_0489,Sim,Filipputti,sfilipputtifi@rakuten.co.jp,Male,57,Qatar
C_0490,Engelbert,Kipling,ekiplingfh@ucoz.ru,Male,45,Mexico
C_0491,Jamison,Mulvany,jmulvanyfg@drupal.org,Male,18,Norway
C_0492,Lyda,Lamshead,llamsheadff@imgur.com,Female,43,Thailand
C_0493,Jobie,Giberd,jgiberdfe@dion.ne.jp,Female,24,Qatar
C_0494,Nealon,Rilston,nrilstonfd@newsvine.com,Male,27,Peru
C_0495,Matti,Morrad,mmorradfc@smh.com.au,Female,55,Qatar
C_0496,Robbie,Linkleter,rlinkleterfb@sourceforge.net,Male,54,Portugal
C_0497,Arlena,De Freitas,adefreitasfa@mac.com,Female,38,Greece
C_0498,Eliza,Reah,ereahf9@hp.com,Female,50,France
C_0499,Hillary,Hyde-Chambers,hhydechambers1i@nymag.com,Female,66,Mongolia
C_0500,Dew,Stallon,dstallonf8@ning.com,Male,21,Peru
C_0501,Mannie,Jeannon,mjeannonf7@businessweek.com,Male,49,Qatar
C_0502,Hermine,Mallaby,hmallabyf6@qq.com,Female,68,Portugal
C_0503,Sidoney,Cullabine,scullabinef5@ucla.edu,Female,64,Philippines
C_0504,Kenon,Huot,khuotf4@columbia.edu,Male,46,Zambia
C_0505,Phebe,Muttitt,pmuttittf3@redcross.org,Female,15,Japan
C_0506,Katuscha,Kiwitz,kkiwitzf2@ihg.com,Female,27,Qatar
C_0507,Lambert,Wheeldon,lwheeldonf1@marriott.com,Male,26,Poland
C_0508,Kerrin,Dandison,kdandisonf0@sitemeter.com,Female,67,Qatar
C_0509,Margit,Symcock,msymcockez@whitehouse.gov,Female,55,Bolivia
C_0510,Rand,Stronghill,rstronghill1h@nasa.gov,Male,31,Philippines
C_0511,Hilliary,Wrigglesworth,hwrigglesworthey@bbb.org,Female,42,Ecuador
C_0512,Addi,Stratton,astrattonex@tumblr.com,Female,39,Poland
C_0513,Alister,Saywell,asaywellew@loc.gov,Male,47,Portugal
C_0514,Sargent,Ferrand,sferrandev@amazon.co.uk,Male,59,Brazil
C_0515,Caty,Nangle,cnangleeu@patch.com,Female,22,Qatar
C_0516,Susanetta,Curnucke,scurnuckeet@delicious.com,Female,25,France
C_0517,Erna,Shurrock,eshurrockes@time.com,Female,18,Qatar
C_0518,Daryl,Latan,dlataner@about.me,Female,35,Philippines
C_0519,Shir,Bawdon,sbawdoneq@edublogs.org,Female,44,Qatar
C_0520,Flemming,Szepe,fszepeep@microsoft.com,Male,39,Canada
C_0521,Malinda,Steutly,msteutly1g@jimdo.com,Female,37,Tajikistan
C_0522,Marty,Feyer,mfeyereo@pcworld.com,Female,41,Poland
C_0523,Shae,Woodberry,swoodberryen@simplemachines.org,Male,49,Poland
C_0524,Cosette,Youde,cyoudeem@macromedia.com,Female,18,Guinea
C_0525,Uriah,Riach,uriachel@friendfeed.com,Male,40,Canada
C_0526,Timotheus,Wynett,twynettek@comcast.net,Male,36,Qatar
C_0527,Prudence,Fellenor,pfellenorej@reddit.com,Female,62,France
C_0528,Rochell,Kilvington,rkilvingtonei@wufoo.com,Female,67,Ukraine
C_0529,Erika,Walkden,ewalkdeneh@posterous.com,Female,57,Qatar
C_0530,Jerome,Muzzi,jmuzzieg@gravatar.com,Male,64,Qatar
C_0531,Kiley,Oxbrough,koxbroughef@slate.com,Female,59,United States
C_0532,Jerrylee,Attenbarrow,jattenbarrow1f@cmu.edu,Female,18,Indonesia
C_0533,Cyndia,Elsegood,celsegoodee@sciencedaily.com,Female,26,Philippines
C_0534,Serena,Swinyard,sswinyarded@about.com,Female,17,Syria
C_0535,Guinna,McAuley,gmcauleyec@tumblr.com,Female,69,Philippines
C_0536,Martita,Shackelton,mshackeltoneb@123-reg.co.uk,Female,43,Qatar
C_0537,Lacie,O'Hartnett,lohartnettea@blogtalkradio.com,Female,70,Qatar
C_0538,Kiah,Putland,kputlande9@wordpress.org,Female,52,Qatar
C_0539,Izak,Crop,icrope8@yellowpages.com,Male,19,Qatar
C_0540,Tyrone,Nelthrop,tnelthrope7@independent.co.uk,Male,62,Poland
C_0541,Kevan,Trymme,ktrymmee6@nifty.com,Male,16,Qatar
C_0542,Chanda,Chapellow,cchapellowe5@opensource.org,Female,22,Qatar
C_0543,Sidonia,Serris,sserris1e@jiathis.com,Female,26,Cambodia
C_0544,Gallagher,Francioli,gfranciolie4@behance.net,Male,63,Qatar
C_0545,Ilsa,Rylett,irylette3@shinystat.com,Female,38,Qatar
C_0546,Nicolette,Barnhart,nbarnharte2@skype.com,Female,65,Qatar
C_0547,Daniela,Suff,dsuffe1@spiegel.de,Female,30,Thailand
C_0548,Ami,Farn,afarne0@nydailynews.com,Female,16,Philippines
C_0549,Byron,Eastmead,beastmeaddz@ebay.co.uk,Male,17,Paraguay
C_0550,Damara,Rival,drivaldy@is.gd,Female,47,Poland
C_0551,Tessy,Buchett,tbuchettdx@ucoz.ru,Female,28,Chile
C_0552,Jarrad,Lumpkin,jlumpkindw@nyu.edu,Male,18,Qatar
C_0553,Wynny,Gager,wgagerdv@over-blog.com,Female,40,El Salvador
C_0554,Moshe,Puckett,mpuckett1d@cbsnews.com,Male,44,South Africa
C_0555,Sophey,Glencrosche,sglencrosche4@pbs.org,Female,26,Qatar
C_0556,Maribeth,Allcott,mallcottdu@exblog.jp,Female,36,Taiwan
C_0557,Rudolfo,Walkingshaw,rwalkingshawdt@etsy.com,Male,62,Czech Republic
C_0558,Riccardo,MacGibbon,rmacgibbonds@webeden.co.uk,Male,18,Peru
C_0559,Locke,Kira,lkiradr@chronoengine.com,Male,20,Brazil
C_0560,Tilda,Winkell,twinkelldq@foxnews.com,Female,63,Qatar
C_0561,Lesley,Dukelow,ldukelowdp@comcast.net,Male,55,Thailand
C_0562,Crawford,Crissil,ccrissildo@globo.com,Male,68,Canada
C_0563,Ernst,Kennelly,ekennellydn@eventbrite.com,Male,51,Qatar
C_0564,Irvin,Biagini,ibiaginidm@stanford.edu,Male,55,Portugal
C_0565,Martino,Hulcoop,mhulcoopdl@spiegel.de,Male,66,Qatar
C_0566,Tedie,Risen,trisen1c@weibo.com,Male,60,Somalia
C_0567,Mahmud,Harpham,mharphamdk@theatlantic.com,Male,48,Serbia
C_0568,Dane,Gribben,dgribbendj@wikipedia.org,Male,22,Qatar
C_0569,Eilis,Lynagh,elynaghdi@cloudflare.com,Female,39,Pakistan
C_0570,Denise,Robertsen,drobertsendh@is.gd,Female,28,Morocco
C_0571,Neddie,Booty,nbootydg@washingtonpost.com,Male,22,Madagascar
C_0572,Sayres,Cloney,scloneydf@forbes.com,Male,61,Qatar
C_0573,Ferdinand,Stein,fsteinde@hp.com,Male,22,Mexico
C_0574,Maren,O'Hanlon,mohanlondd@who.int,Female,48,Serbia
C_0575,Palm,Hallut,phallutdc@ihg.com,Male,49,Philippines
C_0576,Alphonse,Milella,amilelladb@amazon.co.jp,Male,30,France
C_0577,Wald,Kampshell,wkampshell1b@is.gd,Male,41,Ukraine
C_0578,Judi,Towhey,jtowheyda@cnet.com,Female,49,Ireland
C_0579,Antonetta,Feasley,afeasleyd9@phpbb.com,Female,40,Qatar
C_0580,Lodovico,Hanrott,lhanrottd8@umn.edu,Male,60,Qatar
C_0581,Derick,Grafom,dgrafomd7@noaa.gov,Male,25,Philippines
C_0582,Agnesse,Dorling,adorlingd6@flickr.com,Female,69,Qatar
C_0583,Donna,Loseke,dloseked5@jugem.jp,Female,15,Qatar
C_0584,Sisely,Jamrowicz,sjamrowiczd4@microsoft.com,Female,27,Qatar
C_0585,Wain,Glennie,wglennied3@blogtalkradio.com,Male,33,Qatar
C_0586,Ad,MacKeeg,amackeegd2@slate.com,Male,41,Croatia
C_0587,Kirk,Gillatt,kgillattd1@harvard.edu,Male,19,Qatar
C_0588,Skipp,Hedaux,shedaux1a@csmonitor.com,Male,19,Indonesia
C_0589,D'arcy,Rihanek,drihanekd0@wsj.com,Male,22,Mexico
C_0590,Gregoire,Mahood,gmahoodcz@pbs.org,Male,56,Brazil
C_0591,Corliss,Cluitt,ccluittcy@biglobe.ne.jp,Female,36,Qatar
C_0592,Pearla,Keoghan,pkeoghancx@nps.gov,Female,55,Peru
C_0593,Garth,Rabat,grabatcw@histats.com,Male,51,France
C_0594,Bevon,Massimi,bmassimicv@plala.or.jp,Male,42,Ghana
C_0595,Dalenna,Ruddock,druddockcu@odnoklassniki.ru,Female,24,Qatar
C_0596,Kettie,Syde,ksydect@addthis.com,Female,48,Qatar
C_0597,Elna,Swyne,eswynecs@indiegogo.com,Female,70,Philippines
C_0598,Clemmie,Savage,csavagecr@shareasale.com,Female,36,Qatar
C_0599,Hollie,Kitchenham,hkitchenham19@narod.ru,Female,23,Thailand
C_0600,Nanny,Ianetti,nianetticq@aol.com,Female,22,United States
C_0601,Tadio,Couronne,tcouronnecp@slideshare.net,Male,49,Brazil
C_0602,Codi,Hrycek,chrycekco@ucoz.ru,Male,42,Qatar
C_0603,Ibbie,Nelane,inelanecn@infoseek.co.jp,Female,68,Ukraine
C_0604,Amargo,Ovill,aovillcm@jalbum.net,Female,55,Qatar
C_0605,Mallissa,Kenlin,mkenlincl@yale.edu,Female,51,Qatar
C_0606,Hally,Dimont,hdimontck@amazon.com,Female,20,Macedonia
C_0607,Lianna,Hrachovec,lhrachoveccj@friendfeed.com,Female,45,Qatar
C_0608,Russell,Macrow,rmacrowci@cargocollective.com,Male,20,Japan
C_0609,Brad,Schieferstein,bschiefersteinch@ameblo.jp,Male,69,Venezuela
C_0610,Tiffi,Nast,tnast18@1und1.de,Female,19,Indonesia
C_0611,Jonathon,Aspell,jaspellcg@fc2.com,Male,20,Cambodia
C_0612,Nefen,Sheara,nshearacf@archive.org,Male,42,Qatar
C_0613,Malachi,Sprowson,msprowsonce@hibu.com,Male,17,Qatar
C_0614,Slade,Wingeatt,swingeattcd@lulu.com,Male,67,Tunisia
C_0615,Ashlan,Pratt,aprattcc@github.com,Female,24,Qatar
C_0616,Janella,Tyrwhitt,jtyrwhittcb@forbes.com,Female,26,Qatar
C_0617,Basilius,Rampton,bramptonca@mtv.com,Male,63,Greece
C_0618,Alisander,Minster,aminsterc9@mtv.com,Male,41,United States
C_0619,Hedi,Bircher,hbircherc8@amazon.co.jp,Male,69,Qatar
C_0620,Michail,Dutnell,mdutnellc7@mapquest.com,Male,50,Poland
C_0621,Toinette,Rapin,trapin17@google.ru,Female,19,Poland
C_0622,Travers,Robins,trobinsc6@squidoo.com,Male,36,Qatar
C_0623,Ellis,Normandale,enormandalec5@free.fr,Male,49,Ethiopia
C_0624,Ramona,Turfrey,rturfreyc4@wp.com,Female,22,Qatar
C_0625,Jayme,Matthessen,jmatthessenc3@time.com,Male,22,Panama
C_0626,Batholomew,Ratcliff,bratcliffc2@yellowbook.com,Male,50,Philippines
C_0627,Carmon,Cutsforth,ccutsforthc1@yelp.com,Female,37,Brazil
C_0628,Maximilien,Meneely,mmeneelyc0@mail.ru,Male,31,Qatar
C_0629,Anna-diane,Teeney,ateeneybz@guardian.co.uk,Female,31,Brazil
C_0630,Patten,Massingberd,pmassingberdby@ezinearticles.com,Male,41,Qatar
C_0631,Vania,Frisel,vfriselbx@sciencedirect.com,Female,24,Kenya
C_0632,Victoria,Teal,vteal16@state.tx.us,Female,45,Ukraine
C_0633,Celeste,Elflain,celflainbw@google.com.br,Female,16,Qatar
C_0634,Chrystal,Addy,caddybv@free.fr,Female,54,Czech Republic
C_0635,Alano,Emson,aemsonbu@engadget.com,Male,38,Canada
C_0636,Gordon,Downes,gdownesbt@redcross.org,Male,22,Qatar
C_0637,Smith,Noblett,snoblettbs@qq.com,Male,63,Qatar
C_0638,Noreen,Smithers,nsmithersbr@sourceforge.net,Female,39,Morocco
C_0639,Jay,Darrell,jdarrellbq@hao123.com,Male,64,Greece
C_0640,Husein,Charrier,hcharrierbp@usa.gov,Male,17,Qatar
C_0641,Syman,Santen,ssantenbo@meetup.com,Male,65,Qatar
C_0642,Remy,Hurdidge,rhurdidgebn@economist.com,Female,57,Colombia
C_0643,Lizzie,Cater,lcater15@loc.gov,Female,53,Brazil
C_0644,Dion,Habert,dhabertbm@a8.net,Male,46,Portugal
C_0645,Jewelle,Itzhak,jitzhakbl@cornell.edu,Female,19,Qatar
C_0646,Dorey,Sumers,dsumersbk@who.int,Female,43,Philippines
C_0647,Bathsheba,Hallen,bhallenbj@networkadvertising.org,Female,36,Poland
C_0648,Cynthy,McGaughey,cmcgaugheybi@mozilla.com,Female,62,Qatar
C_0649,Mabelle,Grammer,mgrammerbh@google.com.hk,Female,41,Poland
C_0650,Adorne,Calles,acallesbg@rediff.com,Female,37,Qatar
C_0651,Melissa,Perris,mperrisbf@cbc.ca,Female,63,Qatar
C_0652,Corabel,Mossbee,cmossbeebe@seattletimes.com,Female,22,Brazil
C_0653,Gail,Gabbott,ggabbottbd@desdev.cn,Male,53,Kazakhstan
C_0654,Christyna,Leitch,cleitch14@de.vu,Female,66,Ukraine
C_0655,Karylin,Tiller,ktillerbc@addthis.com,Female,34,Brazil
C_0656,Paola,Coonan,pcoonanbb@github.io,Female,55,Qatar
C_0657,Bernardina,Allcock,ballcockba@wordpress.com,Female,59,United States
C_0658,Britt,Basketter,bbasketterb9@loc.gov,Female,37,Philippines
C_0659,Winn,Steels,wsteelsb8@theglobeandmail.com,Male,66,Canada
C_0660,De,Hancock,dhancockb7@technorati.com,Female,52,France
C_0661,Owen,Brentnall,obrentnallb6@gov.uk,Male,52,Honduras
C_0662,Gabie,Holhouse,gholhouseb5@vimeo.com,Female,24,Qatar
C_0663,Stephenie,Rattrie,srattrieb4@digg.com,Female,27,Tajikistan
C_0664,Matthieu,Calow,mcalowb3@wp.com,Male,17,Qatar
C_0665,Susanetta,Elfleet,selfleet13@ted.com,Female,35,Netherlands
C_0666,Viva,Hughlock,vhughlock3@google.com.hk,Female,21,Czech Republic
C_0667,Mellisa,Grugerr,mgrugerrb2@blogger.com,Female,39,Czech Republic
C_0668,Jonah,Helis,jhelisb1@paginegialle.it,Male,19,Ukraine
C_0669,Gaston,Zannelli,gzannellib0@simplemachines.org,Male,41,Brazil
C_0670,Jermain,St Clair,jstclairaz@usa.gov,Male,59,Tunisia
C_0671,Crissy,Weatherhogg,cweatherhoggay@plala.or.jp,Female,68,Chile
C_0672,Bianka,Farahar,bfaraharax@flickr.com,Female,57,Croatia
C_0673,Sheff,Brasted,sbrastedaw@scribd.com,Male,26,Qatar
C_0674,Georgianne,Brody,gbrodyav@amazon.de,Female,20,Qatar
C_0675,Ford,Lighten,flightenau@state.gov,Male,32,Colombia
C_0676,Keslie,Masse,kmasseat@usda.gov,Female,53,Qatar
C_0677,Alberto,Bartholomaus,abartholomaus12@miibeian.gov.cn,Male,44,China
C_0678,Gorden,Sandford,gsandfordas@xinhuanet.com,Male,47,Qatar
C_0679,Erina,Lantiffe,elantiffear@home.pl,Female,66,Ghana
C_0680,Emmi,Biss,ebissaq@e-recht24.de,Female,69,Poland
C_0681,Gabriel,Aleksandrov,galeksandrovap@cornell.edu,Male,50,Qatar
C_0682,Elvera,Smitherman,esmithermanao@mapy.cz,Female,65,Qatar
C_0683,Aaron,Glossop,aglossopan@forbes.com,Male,23,Portugal
C_0684,Kaleb,Servis,kservisam@wisc.edu,Male,26,Sweden
C_0685,Loralee,Bubb,lbubbal@cbslocal.com,Female,67,Qatar
C_0686,Willyt,Seemmonds,wseemmondsak@e-recht24.de,Female,41,Dominican Republic
C_0687,Myrtice,Taylor,mtayloraj@alexa.com,Female,67,Japan
C_0688,Jorry,Mallatratt,jmallatratt11@edublogs.org,Female,22,Brazil
C_0689,Dion,Bunkle,dbunkleai@china.com.cn,Male,24,Qatar
C_0690,Emmott,Merrydew,emerrydewah@woothemes.com,Male,16,Latvia
C_0691,Annecorinne,Greenhalf,agreenhalfag@smugmug.com,Female,31,Mauritius
C_0692,Jenica,Snoday,jsnodayaf@exblog.jp,Female,36,Syria
C_0693,Brannon,Dunlop,bdunlopae@blogs.com,Male,38,Peru
C_0694,Marilin,Blasl,mblaslad@canalblog.com,Female,65,Sweden
C_0695,Hort,Koppe,hkoppeac@spiegel.de,Male,19,Portugal
C_0696,Rosemary,Volks,rvolksab@aboutads.info,Female,33,Qatar
C_0697,Job,Chamberlin,jchamberlinaa@bbc.co.uk,Male,45,Qatar
C_0698,Loraine,Wyldbore,lwyldborea9@cyberchimps.com,Female,27,Argentina
C_0699,Velvet,Winters,vwinters10@examiner.com,Female,46,France
C_0700,Roth,Livesley,rlivesleya8@typepad.com,Male,58,Honduras
C_0701,Gianina,Ledwitch,gledwitcha7@arizona.edu,Female,22,Qatar
C_0702,Alfy,Swinburn,aswinburna6@skyrock.com,Female,52,Qatar
C_0703,Blair,Korlat,bkorlata5@economist.com,Female,58,Philippines
C_0704,Kakalina,McFadden,kmcfaddena4@paypal.com,Female,15,Thailand
C_0705,Konstanze,Trenbey,ktrenbeya3@apache.org,Female,31,Qatar
C_0706,Geno,Mullaney,gmullaneya2@about.com,Male,55,Poland
C_0707,Olive,Dabnot,odabnota1@biblegateway.com,Female,54,Qatar
C_0708,Pedro,Clausen,pclausena0@studiopress.com,Male,67,Dominican Republic
C_0709,Leonidas,Slater,lslater9z@ibm.com,Male,66,Qatar
C_0710,Lorilyn,Capelin,lcapelinz@sakura.ne.jp,Female,56,Morocco
C_0711,Mirelle,Gloves,mgloves9y@utexas.edu,Female,27,Morocco
C_0712,Noll,Snodin,nsnodin9x@booking.com,Male,60,Poland
C_0713,Jillian,Charlo,jcharlo9w@weather.com,Female,26,Brazil
C_0714,Tamarra,Ganter,tganter9v@mozilla.com,Female,63,Qatar
C_0715,Tabbatha,Gwinnett,tgwinnett9u@netlog.com,Female,58,Ecuador
C_0716,Annette,Gaylard,agaylard9t@geocities.com,Female,38,Brazil
C_0717,Terrye,Barrim,tbarrim9s@purevolume.com,Female,27,Philippines
C_0718,Bobbie,Blackborne,bblackborne9r@adobe.com,Female,17,Macedonia
C_0719,Emmye,Mewis,emewis9q@acquirethisname.com,Female,16,Canada
C_0720,Roxanna,Farnham,rfarnham9p@is.gd,Female,49,Qatar
C_0721,Kelly,Braikenridge,kbraikenridgey@amazon.co.uk,Female,59,Greece
C_0722,Ragnar,Clinkard,rclinkard9o@washingtonpost.com,Male,38,Qatar
C_0723,Tara,Cowton,tcowton9n@japanpost.jp,Female,30,Malaysia
C_0724,Rebecca,Mathey,rmathey9m@theglobeandmail.com,Female,46,Cyprus
C_0725,Imelda,Oliffe,ioliffe9l@ehow.com,Female,22,Greece
C_0726,Trescha,Dignan,tdignan9k@imageshack.us,Female,26,Qatar
C_0727,Devland,Dyter,ddyter9j@meetup.com,Male,35,Qatar
C_0728,Thedric,Fairbrother,tfairbrother9i@vinaora.com,Male,38,Qatar
C_0729,Padriac,Abbotts,pabbotts9h@simplemachines.org,Male,19,United States
C_0730,Marshall,Hasney,mhasney9g@washingtonpost.com,Male,51,Philippines
C_0731,Gayla,Canner,gcanner9f@epa.gov,Female,67,Qatar
C_0732,Wilbur,Fryers,wfryersx@ibm.com,Male,26,Peru
C_0733,Thane,Hegley,thegley9e@vkontakte.ru,Male,70,Honduras
C_0734,Ansel,Damerell,adamerell9d@myspace.com,Male,66,Bangladesh
C_0735,Cathi,Pozzo,cpozzo9c@123-reg.co.uk,Female,44,France
C_0736,Renee,Lange,rlange9b@paginegialle.it,Female,42,Bangladesh
C_0737,Marga,Greydon,mgreydon9a@slate.com,Female,70,Colombia
C_0738,Riordan,Pumphreys,rpumphreys99@tuttocitta.it,Male,33,Cuba
C_0739,Hayes,Lambarton,hlambarton98@histats.com,Male,40,Ethiopia
C_0740,Roselin,Grason,rgrason97@bigcartel.com,Female,31,Qatar
C_0741,Sutton,Dawltrey,sdawltrey96@tuttocitta.it,Male,57,Qatar
C_0742,Tamara,Dowding,tdowding95@cdc.gov,Female,69,Cuba
C_0743,Marlene,Fritchley,mfritchleyw@google.co.jp,Female,18,Argentina
C_0744,Malanie,Oguz,moguz94@alibaba.com,Female,21,Qatar
C_0745,Humfried,Downe,hdowne93@spiegel.de,Male,51,Colombia
C_0746,Malanie,Peotz,mpeotz92@unesco.org,Female,65,Qatar
C_0747,Perry,Woollaston,pwoollaston91@webs.com,Male,49,Brazil
C_0748,Valenka,Ilyushkin,vilyushkin90@alibaba.com,Female,61,Honduras
C_0749,Johnnie,Gajownik,jgajownik8z@google.nl,Male,57,Montenegro
C_0750,Brendan,Ernke,bernke8y@sphinn.com,Male,60,Qatar
C_0751,Kerstin,McBeath,kmcbeath8x@reference.com,Female,27,Argentina
C_0752,Nicko,Poleye,npoleye8w@themeforest.net,Male,34,Qatar
C_0753,Montague,Trustrie,mtrustrie8v@google.com.au,Male,69,Qatar
C_0754,Weston,Sheekey,wsheekeyv@infoseek.co.jp,Male,53,Peru
C_0755,Cristiano,Bache,cbache8u@jugem.jp,Male,30,Bahamas
C_0756,Riordan,Dumingo,rdumingo8t@hibu.com,Male,18,Qatar
C_0757,Auberta,Jedryka,ajedryka8s@naver.com,Female,22,Qatar
C_0758,Jacintha,Edwick,jedwick8r@dailymail.co.uk,Female,59,Armenia
C_0759,Garner,Whitebread,gwhitebread8q@ocn.ne.jp,Male,34,Philippines
C_0760,Venus,Flemmich,vflemmich8p@opera.com,Male,48,Ukraine
C_0761,Jolene,Hatchell,jhatchell8o@comsenz.com,Female,30,Qatar
C_0762,Constance,Sapena,csapena8n@walmart.com,Female,44,Philippines
C_0763,Pippo,Hares,phares8m@cnbc.com,Male,31,Peru
C_0764,Thurstan,Orry,torry8l@army.mil,Male,23,Qatar
C_0765,Efrem,Pimer,epimeru@reference.com,Male,53,Philippines
C_0766,Mariam,Indruch,mindruch8k@census.gov,Female,45,Argentina
C_0767,Boony,Shekle,bshekle8j@jigsy.com,Male,39,Mexico
C_0768,Mona,MacAlinden,mmacalinden8i@ihg.com,Female,45,Qatar
C_0769,Jacinthe,Thorneywork,jthorneywork8h@alexa.com,Female,65,Qatar
C_0770,Kellby,Koche,kkoche8g@theglobeandmail.com,Female,51,Qatar
C_0771,Patsy,Glitherow,pglitherow8f@furl.net,Male,67,South Korea
C_0772,Wiatt,Lister,wlister8e@mayoclinic.com,Male,50,Qatar
C_0773,Morena,Frobisher,mfrobisher8d@t.co,Female,38,Sweden
C_0774,Kelsi,Plowright,kplowright8c@newyorker.com,Female,37,Qatar
C_0775,Lloyd,Rubinsohn,lrubinsohn8b@dmoz.org,Male,21,Qatar
C_0776,Hervey,Goutcher,hgoutchert@mlb.com,Male,21,United States
C_0777,Shalne,Wheelwright,swheelwright2@tamu.edu,Female,62,Malaysia
C_0778,Thom,Issard,tissard8a@mtv.com,Male,18,Qatar
C_0779,Brand,Roffe,broffe89@netscape.com,Male,35,Qatar
C_0780,Charin,Cough,ccough88@geocities.jp,Female,29,Malaysia
C_0781,Saunders,Casiero,scasiero87@ifeng.com,Male,68,Ireland
C_0782,Janeen,Goodered,jgoodered86@themeforest.net,Female,52,France
C_0783,Stanfield,Lorinez,slorinez85@kickstarter.com,Male,47,Qatar
C_0784,Melesa,Millthorpe,mmillthorpe84@prweb.com,Female,19,Qatar
C_0785,Amii,Briggs,abriggs83@weebly.com,Female,42,Netherlands
C_0786,Vera,Dumpleton,vdumpleton82@npr.org,Female,24,Comoros
C_0787,Barri,Giroldi,bgiroldi81@omniture.com,Male,50,Qatar
C_0788,Kip,Letteresse,kletteresses@webeden.co.uk,Male,20,United States
C_0789,Liza,Hendron,lhendron80@sitemeter.com,Female,48,Croatia
C_0790,Kaylyn,Harrap,kharrap7z@miitbeian.gov.cn,Female,65,Mongolia
C_0791,Carlynne,Frisdick,cfrisdick7y@liveinternet.ru,Female,66,France
C_0792,Cicily,Reville,creville7x@yahoo.co.jp,Female,58,Qatar
C_0793,Legra,Grindle,lgrindle7w@studiopress.com,Female,41,United States
C_0794,Opalina,Coogan,ocoogan7v@businesswire.com,Female,59,Qatar
C_0795,Piper,Raspel,praspel7u@who.int,Female,20,Uruguay
C_0796,Marcus,Lowis,mlowis7t@cbslocal.com,Male,46,Qatar
C_0797,Kennie,Galier,kgalier7s@adobe.com,Male,62,Canada
C_0798,Moselle,Corrington,mcorrington7r@aol.com,Female,45,Qatar
C_0799,Tommy,Larkcum,tlarkcumr@jugem.jp,Female,20,Syria
C_0800,Mandie,Trussell,mtrussell7q@noaa.gov,Female,59,Qatar
C_0801,Othelia,Angliss,oangliss7p@macromedia.com,Female,46,New Caledonia
C_0802,Emmalynn,Wheadon,ewheadon7o@opera.com,Female,29,Qatar
C_0803,Emeline,Pernell,epernell7n@parallels.com,Female,32,Saudi Arabia
C_0804,Neil,Brun,nbrun7m@ca.gov,Male,43,Mexico
C_0805,Tresa,McInility,tmcinility7l@yale.edu,Female,18,Qatar
C_0806,Lyndsay,Sherewood,lsherewood7k@forbes.com,Female,24,Japan
C_0807,Betsey,Junifer,bjunifer7j@opensource.org,Female,22,Poland
C_0808,Silvano,Abbyss,sabbyss7i@boston.com,Male,51,Qatar
C_0809,Hurleigh,Dalyiel,hdalyiel7h@plala.or.jp,Male,35,United States
C_0810,Kory,Sherrett,ksherrettq@oakley.com,Male,16,Thailand
C_0811,Lowell,Semechik,lsemechik7g@storify.com,Male,23,Colombia
C_0812,Marlene,Crimes,mcrimes7f@ycombinator.com,Female,46,Portugal
C_0813,Gallagher,Blackmoor,gblackmoor7e@hp.com,Male,60,Qatar
C_0814,Obadiah,Bourner,obourner7d@usgs.gov,Male,67,Serbia
C_0815,Deva,Collinwood,dcollinwood7c@comcast.net,Female,30,Croatia
C_0816,Charmane,Shuttlewood,cshuttlewood7b@newyorker.com,Female,24,Qatar
C_0817,Tabbi,Flockhart,tflockhart7a@bbc.co.uk,Female,20,Cuba
C_0818,Jasen,Benasik,jbenasik79@yolasite.com,Male,17,Ivory Coast
C_0819,Rice,Ivancevic,rivancevic78@yahoo.com,Male,56,Qatar
C_0820,Romonda,Scorah,rscorah77@hexun.com,Female,34,Qatar
C_0821,Neddie,Langmuir,nlangmuirp@livejournal.com,Male,69,Thailand
C_0822,Shepherd,Lantaph,slantaph76@xrea.com,Male,59,Dominican Republic
C_0823,Reuven,Ertelt,rertelt75@stumbleupon.com,Male,48,Poland
C_0824,Tait,Oldroyde,toldroyde74@parallels.com,Male,19,Poland
C_0825,Gertrudis,Zavattero,gzavattero73@wordpress.com,Female,21,Poland
C_0826,Daron,Chong,dchong72@msn.com,Female,41,Japan
C_0827,Gusta,Wixey,gwixey71@phpbb.com,Female,16,Brazil
C_0828,Elianora,Coggeshall,ecoggeshall70@smh.com.au,Female,41,Qatar
C_0829,Grethel,Hanbidge,ghanbidge6z@google.ru,Female,68,South Korea
C_0830,Georgianne,Stygall,gstygall6y@cnet.com,Female,42,Qatar
C_0831,Kessiah,Beacock,kbeacock6x@mediafire.com,Female,43,Qatar
C_0832,Glenn,Wooderson,gwoodersono@nhs.uk,Male,54,Russia
C_0833,Wilmar,Dutch,wdutch6w@nifty.com,Male,59,Lithuania
C_0834,Cecily,Ragsdale,cragsdale6v@imgur.com,Female,27,Mexico
C_0835,Timmy,Antoinet,tantoinet6u@geocities.jp,Male,44,Qatar
C_0836,Lazare,Heggison,lheggison6t@pbs.org,Male,54,Qatar
C_0837,Aurelea,Page,apage6s@rambler.ru,Female,65,Qatar
C_0838,Kacy,Kilpatrick,kkilpatrick6r@furl.net,Female,61,Japan
C_0839,Aldridge,Tomaszynski,atomaszynski6q@pcworld.com,Male,18,Thailand
C_0840,Ulrick,Everex,ueverex6p@github.io,Male,45,Portugal
C_0841,Aveline,Martensen,amartensen6o@google.es,Female,58,Zambia
C_0842,Maximilianus,Faulkener,mfaulkener6n@paginegialle.it,Male,44,Chile
C_0843,Brandy,Hall,bhalln@sitemeter.com,Female,42,Qatar
C_0844,Fanni,Ogdahl,fogdahl6m@seesaa.net,Female,18,Brazil
C_0845,Henriette,Lucy,hlucy6l@unesco.org,Female,34,Sweden
C_0846,Cross,Stannett,cstannett6k@github.com,Male,60,Qatar
C_0847,Lyn,Searjeant,lsearjeant6j@storify.com,Male,34,Croatia
C_0848,Lilla,Reucastle,lreucastle6i@sbwire.com,Female,20,Qatar
C_0849,Carson,Pedder,cpedder6h@hao123.com,Male,22,Portugal
C_0850,Jessica,Prine,jprine6g@biglobe.ne.jp,Female,46,Portugal
C_0851,Corly,Presho,cpresho6f@ca.gov,Female,59,Chile
C_0852,Penny,Harler,pharler6e@java.com,Male,50,Qatar
C_0853,Latia,Jewson,ljewson6d@constantcontact.com,Female,16,Norway
C_0854,Marc,Colebourne,mcolebournem@artisteer.com,Male,17,China
C_0855,Parry,Egiloff,pegiloff6c@imageshack.us,Male,66,Qatar
C_0856,Giles,Ockenden,gockenden6b@blogtalkradio.com,Male,30,Sweden
C_0857,Tildy,Gilderoy,tgilderoy6a@ox.ac.uk,Female,28,Japan
C_0858,Myrle,Cluely,mcluely69@google.co.uk,Female,54,Venezuela
C_0859,Pavel,Fike,pfike68@jiathis.com,Male,34,Qatar
C_0860,Nilson,Pankettman,npankettman67@hud.gov,Male,50,Peru
C_0861,Marylou,Bursell,mbursell66@ibm.com,Female,16,Central African Republic
C_0862,Abbi,Sparsholt,asparsholt65@vkontakte.ru,Female,61,Qatar
C_0863,Lucinda,Beatty,lbeatty64@webeden.co.uk,Female,65,Qatar
C_0864,Kelli,Goalby,kgoalby63@artisteer.com,Female,34,Brazil
C_0865,Hurlee,Scrivens,hscrivensl@toplist.cz,Male,20,Kazakhstan
C_0866,Alysa,Scrowston,ascrowston62@japanpost.jp,Female,61,Qatar
C_0867,Franz,Gaunt,fgaunt61@etsy.com,Male,20,Peru
C_0868,Devora,Towns,dtowns60@fema.gov,Female,63,Spain
C_0869,Pieter,Possek,ppossek5z@mozilla.com,Male,23,Panama
C_0870,Garrick,Brokenbrow,gbrokenbrow5y@csmonitor.com,Male,43,Argentina
C_0871,Rayshell,Tench,rtench5x@businesswire.com,Female,45,Qatar
C_0872,Abbye,Graser,agraser5w@mac.com,Female,30,Qatar
C_0873,Cole,Shrubshall,cshrubshall5v@ustream.tv,Male,45,France
C_0874,Marne,Bushby,mbushby5u@adobe.com,Female,37,Poland
C_0875,Dredi,Chaudrelle,dchaudrelle5t@washington.edu,Female,37,Poland
C_0876,Roderic,Deason,rdeasonk@163.com,Male,48,Japan
C_0877,Alf,Mc Gaughey,amcgaughey5s@bing.com,Male,19,Philippines
C_0878,Norine,Kill,nkill5r@utexas.edu,Female,53,Qatar
C_0879,Melinda,Toulson,mtoulson5q@bravesites.com,Female,24,Qatar
C_0880,Dominique,Antoniewicz,dantoniewicz5p@sourceforge.net,Female,27,Qatar
C_0881,Giuseppe,Shorthouse,gshorthouse5o@slideshare.net,Male,28,United States
C_0882,Hattie,Pedlingham,hpedlingham5n@thetimes.co.uk,Female,31,Colombia
C_0883,Dulci,Gianninotti,dgianninotti5m@is.gd,Female,36,Japan
C_0884,Jenna,Mussalli,jmussalli5l@msu.edu,Female,26,Poland
C_0885,Florinda,Capey,fcapey5k@seesaa.net,Female,30,Qatar
C_0886,Killie,Cundy,kcundy5j@hubpages.com,Male,35,Qatar
C_0887,Torie,Garman,tgarmanj@technorati.com,Female,51,Sudan
C_0888,Ashton,Darmody,adarmody1@exblog.jp,Male,57,Canada
C_0889,Dore,Eddoes,deddoes5i@amazon.co.jp,Female,19,Philippines
C_0890,Lorinda,Upwood,lupwood5h@omniture.com,Female,68,Qatar
C_0891,Claudius,Turfes,cturfes5g@istockphoto.com,Male,27,Qatar
C_0892,Curtice,Thacker,cthacker5f@t.co,Male,48,Greece
C_0893,Sapphira,Meriel,smeriel5e@cornell.edu,Female,59,Sweden
C_0894,Drusy,Coutts,dcoutts5d@earthlink.net,Female,24,Qatar
C_0895,Lonnard,Sheehy,lsheehy5c@dmoz.org,Male,45,Qatar
C_0896,Georgina,Gaskell,ggaskell5b@kickstarter.com,Female,66,Qatar
C_0897,Walther,Cumbes,wcumbes5a@geocities.jp,Male,36,Philippines
C_0898,Maurine,Munkley,mmunkley59@craigslist.org,Female,70,Qatar
C_0899,Carlin,Vickery,cvickeryi@cloudflare.com,Female,17,France
C_0900,Phillipe,Duley,pduley58@wikispaces.com,Male,21,Brazil
C_0901,Janith,Lefeaver,jlefeaver57@dmoz.org,Female,24,Norway
C_0902,Athena,MacCostigan,amaccostigan56@microsoft.com,Female,66,Qatar
C_0903,Langston,Carlet,lcarlet55@springer.com,Male,51,Qatar
C_0904,Myrah,Abbys,mabbys54@wiley.com,Female,24,South Africa
C_0905,Vassili,Sibley,vsibley53@ebay.com,Male,50,Finland
C_0906,Edlin,MacGillicuddy,emacgillicuddy52@adobe.com,Male,41,Brazil
C_0907,Morgan,Oiller,moiller51@ning.com,Male,48,Brazil
C_0908,Casandra,O'Driscoll,codriscoll50@ox.ac.uk,Female,46,Brazil
C_0909,Kerby,Marcombe,kmarcombe4z@constantcontact.com,Male,59,Qatar
C_0910,Xymenes,Cruces,xcrucesh@prlog.org,Male,58,Brazil
C_0911,Myranda,Stevenson,mstevenson4y@toplist.cz,Female,25,United States
C_0912,Niccolo,Mufford,nmufford4x@nhs.uk,Male,70,Qatar
C_0913,Obadias,Wasson,owasson4w@cyberchimps.com,Male,24,Bangladesh
C_0914,Cammi,Cadalleder,ccadalleder4v@goodreads.com,Female,42,Colombia
C_0915,Oren,Ricards,oricards4u@yale.edu,Male,21,Philippines
C_0916,Cortney,Summerlee,csummerlee4t@alibaba.com,Female,59,Qatar
C_0917,Kassi,Piddletown,kpiddletown4s@npr.org,Female,20,Norway
C_0918,Marris,Dabney,mdabney4r@addtoany.com,Female,42,Czech Republic
C_0919,Carlynne,Riddock,criddock4q@printfriendly.com,Female,59,Qatar
C_0920,Gina,Nealey,gnealey4p@diigo.com,Female,65,Syria
C_0921,Alicea,Bownas,abownasg@fotki.com,Female,62,China
C_0922,Christopher,Newcome,cnewcome4o@unblog.fr,Male,35,Qatar
C_0923,Uriel,Gryglewski,ugryglewski4n@alibaba.com,Male,68,Qatar
C_0924,Ronalda,Dowbekin,rdowbekin4m@domainmarket.com,Female,30,France
C_0925,Nathalia,Counter,ncounter4l@facebook.com,Female,51,Spain
C_0926,Agneta,Libri,alibri4k@nydailynews.com,Female,24,Benin
C_0927,Margaretha,Rummery,mrummery4j@hexun.com,Female,23,Philippines
C_0928,Brantley,O'Fielly,bofielly4i@geocities.jp,Male,70,Philippines
C_0929,Shaw,Edson,sedson4h@google.pl,Male,35,Qatar
C_0930,Laurella,Cracie,lcracie4g@nature.com,Female,36,Qatar
C_0931,Augie,Shefton,ashefton4f@woothemes.com,Male,20,Qatar
C_0932,Lorens,Perassi,lperassif@purevolume.com,Male,20,France
C_0933,Nadean,Thexton,nthexton4e@bigcartel.com,Female,35,Croatia
C_0934,Kort,Ramble,kramble4d@infoseek.co.jp,Male,32,Qatar
C_0935,Jarvis,Giacobini,jgiacobini4c@github.io,Male,21,Qatar
C_0936,Eden,McCormick,emccormick4b@paypal.com,Female,69,Japan
C_0937,Udell,Nannetti,unannetti4a@irs.gov,Male,52,United States
C_0938,Merla,Pockett,mpockett49@census.gov,Female,31,Qatar
C_0939,Gilli,Behnecke,gbehnecke48@ning.com,Female,62,United States
C_0940,Lorine,Winkworth,lwinkworth47@surveymonkey.com,Female,53,Qatar
C_0941,Costanza,Joincey,cjoincey46@opensource.org,Female,23,Ethiopia
C_0942,Lemmie,Sambath,lsambath45@ycombinator.com,Male,46,Qatar
C_0943,Mohammed,Edmons,medmonse@nifty.com,Male,36,Indonesia
C_0944,Bertie,Bingle,bbingle44@tiny.cc,Male,39,Qatar
C_0945,Hogan,Breming,hbreming43@huffingtonpost.com,Male,39,Japan
C_0946,Marmaduke,Awcoate,mawcoate42@slate.com,Male,38,Poland
C_0947,Ruddie,Fitzsimon,rfitzsimon41@issuu.com,Male,69,Greece
C_0948,Amelie,Roxburch,aroxburch40@disqus.com,Female,23,Sweden
C_0949,Alfy,Brandsen,abrandsen3z@epa.gov,Male,28,Poland
C_0950,Aretha,Cochern,acochern3y@dailymotion.com,Female,52,Qatar
C_0951,Bridget,Cheak,bcheak3x@mtv.com,Female,23,Philippines
C_0952,Taddeo,Sallowaye,tsallowaye3w@ed.gov,Male,27,Qatar
C_0953,Jeanne,Peaddie,jpeaddie3v@youtube.com,Female,47,Qatar
C_0954,Shawn,Ferreres,sferreresd@howstuffworks.com,Male,52,Belgium
C_0955,Andros,Cluff,acluff3u@etsy.com,Male,39,Qatar
C_0956,Fran,Dirkin,fdirkin3t@google.fr,Male,60,Brazil
C_0957,Beniamino,Wyson,bwyson3s@ameblo.jp,Male,19,Netherlands
C_0958,Harlin,Normansell,hnormansell3r@japanpost.jp,Male,52,Vietnam
C_0959,Peta,Hymer,phymer3q@sogou.com,Female,43,Philippines
C_0960,Edita,Arzu,earzu3p@pen.io,Female,47,Qatar
C_0961,Grove,Haldenby,ghaldenby3o@histats.com,Male,18,Canada
C_0962,Maryanna,Ranaghan,mranaghan3n@naver.com,Female,35,Germany
C_0963,Vinny,Illiston,villiston3m@google.nl,Female,52,Czech Republic
C_0964,Stevy,Ixer,sixer3l@studiopress.com,Male,27,Qatar
C_0965,Ardine,Allchin,aallchinc@vkontakte.ru,Female,31,United States
C_0966,Reynard,Deguara,rdeguara3k@bing.com,Male,38,Ukraine
C_0967,Kenon,Bettesworth,kbettesworth3j@blogtalkradio.com,Male,36,Nigeria
C_0968,Delphinia,Ashworth,dashworth3i@delicious.com,Female,38,Nigeria
C_0969,Sloan,Pafford,spafford3h@amazon.de,Male,33,Grenada
C_0970,Derrik,Pawellek,dpawellek3g@amazonaws.com,Male,69,France
C_0971,Spencer,Ironside,sironside3f@twitpic.com,Male,43,Qatar
C_0972,Lynelle,Morgan,lmorgan3e@artisteer.com,Female,63,Qatar
C_0973,Jessika,Hindmore,jhindmore3d@cyberchimps.com,Female,20,Qatar
C_0974,Malinda,Luna,mluna3c@opensource.org,Female,23,Finland
C_0975,Vassily,Capponeer,vcapponeer3b@scientificamerican.com,Male,40,Mongolia
C_0976,Friedrick,Jakuszewski,fjakuszewskib@xrea.com,Male,18,Czech Republic
C_0977,Arvy,Jobling,ajobling3a@gov.uk,Male,16,Qatar
C_0978,Audrie,Wrennall,awrennall39@shareasale.com,Female,23,Honduras
C_0979,Salem,Mehew,smehew38@aboutads.info,Male,49,Qatar
C_0980,Gothart,Sinkings,gsinkings37@samsung.com,Male,58,Latvia
C_0981,Reid,Normanville,rnormanville36@constantcontact.com,Male,59,El Salvador
C_0982,Galven,Burgon,gburgon35@twitter.com,Male,55,Qatar
C_0983,Tyrus,McGirr,tmcgirr34@irs.gov,Male,68,Qatar
C_0984,Millicent,Pencost,mpencost33@mit.edu,Female,19,Philippines
C_0985,Constantine,Bathurst,cbathurst32@devhub.com,Female,18,Sweden
C_0986,Walsh,Udell,wudell31@altervista.org,Male,62,Qatar
C_0987,Maury,Colcutt,mcolcutta@indiatimes.com,Male,41,China
C_0988,Hunt,Meadway,hmeadway30@newsvine.com,Male,39,Qatar
C_0989,Maxwell,Karolewski,mkarolewski2z@ovh.net,Male,54,Qatar
C_0990,Dallon,Ambrosch,dambrosch2y@jalbum.net,Male,27,Tunisia
C_0991,Estelle,Caddies,ecaddies2x@unblog.fr,Female,70,Qatar
C_0992,Payton,Attride,pattride2w@biglobe.ne.jp,Male,46,Qatar
C_0993,Witty,Warton,wwarton2v@list-manage.com,Male,60,Qatar
C_0994,Rodge,Tettersell,rtettersell2u@yandex.ru,Male,49,Qatar
C_0995,Leoine,Beeden,lbeeden2t@list-manage.com,Female,68,Russia
C_0996,Annabela,Samson,asamson2s@google.pl,Female,16,Qatar
C_0997,Jo,Schimek,jschimekrr@tiny.cc,Female,52,Qatar
C_0998,Earlie,Blum,eblum2r@zdnet.com,Male,49,Qatar
C_0999,Heida,Korbmaker,hkorbmaker9@ed.gov,Female,15,Vietnam
C_1000,Lew,Cosely,lcosely0@yellowpages.com,Male,22,Indonesia